code|name_ar|aliases
1010|بنك الرياض|الرياض;Riyad Bank
1020|بنك الجزيرة|الجزيرة
1030|البنك السعودي للاستثمار|السعودي للاستثمار;SAIB
1050|البنك السعودي الفرنسي|الفرنسي;BSF
1060|البنك السعودي الأول|الأول;ساب;SAB
1080|البنك العربي الوطني|العربي;ANB
1111|مجموعة تداول السعودية|تداول
1120|مصرف الراجحي|الراجحي;Al Rajhi
1140|بنك البلاد|البلاد
1150|مصرف الإنماء|الإنماء;Alinma
1180|البنك الأهلي السعودي|الأهلي;SNB
1183|سهل للتمويل|سهل
1202|مبكو|
1210|بي سي آي|
1211|معادن|Maaden
1212|أسترا الصناعية|أسترا
1303|الصناعات الكهربائية|صناعات كهربائية
1304|اليمامة للحديد|
1320|أنابيب السعودية|
1321|أنابيب الشرق|
1322|المصانع الكبرى للتعدين|أماك
1323|يو سي آي سي|
1324|صالح الراشد|
1302|بوان|
1810|سيرا القابضة|سيرا
1830|لجام للرياضة|وقت اللياقة;فتنس تايم
1831|مهارة|
1833|الموارد|
1834|سماسكو|
2001|كيمانول|
2010|سابك|SABIC
2020|سابك للمغذيات الزراعية|سافكو
2030|المصافي|
2040|الخزف السعودي|الخزف
2050|مجموعة صافولا|صافولا
2060|التصنيع الوطنية|التصنيع;تصنيع
2070|الدوائية|سبيماكو
2080|الغاز والتصنيع|الغاز
2081|الخريف|
2082|أكوا باور|أكوا;ACWA
2083|مرافق|
2084|مياهنا|
2110|الكابلات السعودية|
2150|زجاج|
2170|اللجين|
2180|فيبكو|
2200|أنابيب|
2220|معدنية|
2222|أرامكو السعودية|أرامكو;Aramco
2223|لوبريف|
2230|الكيميائية السعودية|الكيميائية
2250|المجموعة السعودية للاستثمار الصناعي|المجموعة السعودية
2270|سدافكو|
2280|المراعي|Almarai
2281|تنمية|
2282|نقي|
2283|المطاحن الأولى|
2284|المطاحن الحديثة|
2285|المطاحن العربية|
2290|ينساب|
2310|سبكيم العالمية|سبكيم
2320|البابطين|
2330|المتقدمة|
2350|كيان السعودية|كيان
2360|الفخارية|
2380|بترو رابغ|
2381|الحفر العربية|
2382|أديس القابضة|أديس
3002|أسمنت نجران|
3003|أسمنت المدينة|
3004|أسمنت الشمالية|
3005|أسمنت أم القرى|
3010|أسمنت العربية|
3020|أسمنت اليمامة|
3030|أسمنت السعودية|
3040|أسمنت القصيم|
3050|أسمنت الجنوب|
3060|أسمنت ينبع|
3080|أسمنت الشرقية|
3090|أسمنت تبوك|
3091|أسمنت الجوف|
3092|أسمنت الرياض|
4001|أسواق عبدالله العثيم|العثيم
4002|المواساة|
4003|إكسترا|
4004|دله الصحية|دله
4005|رعاية|
4007|الحمادي|
4008|ساكو|
4009|السعودي الألماني الصحية|
4011|لازوردي|
4012|الأصيل|
4013|مجموعة د. سليمان الحبيب|سليمان الحبيب;الحبيب
4015|جمجوم فارما|
4017|فقيه الطبية|فقيه
4018|الموسى الصحية|الموسى
4020|العقارية السعودية|العقارية
4030|البحري|
4031|الخدمات الأرضية|
4040|سابتكو|
4050|ساسكو|
4071|العربية|
4072|مجموعة إم بي سي|MBC
4081|النايفات|
4082|مرابحة مرينا|
4084|دراية المالية|
4090|طيبة|
4100|مكة للإنشاء والتعمير|مكة
4110|باتك|
4142|كابلات الرياض|
4146|جاس|
4150|الرياض للتعمير|التعمير
4161|بن داود|
4162|المنجم|
4163|الدواء|
4164|النهدي|
4165|الماجد للعود|
4180|فتيحي|
4190|جرير|
4192|السيف غاليري|
4193|نايس ون|
4200|الدريس|
4210|الأبحاث والإعلام|
4220|إعمار المدينة الاقتصادية|إعمار
4230|البحر الأحمر|
4240|سينومي ريتيل|الحكير
4250|جبل عمر|
4260|بدجت السعودية|بدجت
4261|ذيب|
4262|لومي|
4263|سال|
4264|طيران ناس|ناس;flynas
4280|المملكة القابضة|المملكة
4291|الوطنية للتعليم|
4292|عطاء|
4300|دار الأركان|
4310|مدينة المعرفة|
4320|الأندلس|
4321|سينومي سنترز|المراكز العربية
4322|رتال|
4323|سمو|
4325|أم القرى للتنمية والإعمار|مسار;أم القرى
4326|الماجدية|
4327|الرمز|
5110|السعودية للطاقة|الكهرباء;السعودية للكهرباء
6001|حلواني إخوان|
6002|هرفي|
6004|كاتريون|
6010|نادك|
6014|الآمار|
6015|أمريكانا|
6017|جاهز|
6040|تبوك الزراعية|
6050|الأسماك|
7010|إس تي سي|الاتصالات السعودية;stc
7020|موبايلي|اتحاد اتصالات
7030|زين السعودية|زين
7040|جو للاتصالات|
7200|إم آي إس|المعمر
7201|بحر العرب|
7202|حلول|سلوشنز;solutions
7203|علم|elm
7204|توبي|2P
7211|عزم|
8010|التعاونية|
8012|جزيرة تكافل|
8020|ملاذ للتأمين|ملاذ
8030|ميدغلف|
8040|متكاملة|
8050|سلامة|
8060|ولاء|
8070|الدرع العربي|
8100|سايكو|
8120|اتحاد الخليج الأهلية|
8150|أسيج|
8160|التأمين العربية|
8170|الاتحاد|
8180|الصقر للتأمين|
8190|المتحدة للتأمين|
8200|الإعادة السعودية|إعادة
8210|بوبا العربية|بوبا
8230|تكافل الراجحي|
8240|تشب|
8250|جي آي جي|GIG
8260|الخليجية العامة|
8280|ليفا|
8300|الوطنية للتأمين|
8310|أمانة للتأمين|
8311|عناية|
8313|رسن|
4019|اس ام سي للرعاية الصحية|
2190|سيسكو القابضة|
6019|المسار الشامل|
4016|أفالون فارما|
2300|صناعة الورق|
2286|المطاحن الرابعة|
6022|أرماح|
4083|تسهيل|
2240|صناعات|
2370|مسك|
4143|تالكو|
1820|بان|
1835|تمكين|
6070|الجوف|
4080|سناد القابضة|
4328|لدن|
2140|أيان|
4144|رؤوم|
6018|الأندية للرياضة|
1182|أملاك|
2120|متطورة|
4290|الخليج للتدريب|
4014|دار المعدات|
2340|ارتيكس|
4145|أو جي سي|العبيكان للزجاج
7205|دي بي اس|دار البلد
4191|أبو معطي|
4148|الوسائل الصناعية|
1214|شاكر|
4170|شمس|
4265|شري|
2287|إنتاج|
4147|سي جي إس|
2288|نفوذ|
4324|بنان|
4194|محطة البناء|
3007|الواحة|
2160|أميانتيت|
4051|باعظيم|
4006|أسواق المزرعة|
2100|وفرة|
1301|أسلاك|
4270|طباعة وتغليف|
2130|صدق|
4130|درب السعودية|
2210|نماء للكيماويات|
4140|صادرات|
4070|تهامة|
1832|صدر|
2090|جبسكو|
6060|الشرقية للتنمية|
4021|المركز الكندي الطبي|
6090|جازادكو|
4061|أنعام القابضة|
6016|برغرايززر|
6020|جاكو|
1213|نسيج|
1201|تكوين|
3008|الكثيري|
6013|التطويرية الغذائية|
4141|العمران|
4160|ثمار|
6012|ريدان|
9510|الوطنية للبناء والتسويق|
9513|حديد وطني|
9514|الناقول|
9515|فش فاش|
9516|غاز|
9517|موبي للصناعة|
9521|إنمار|
9522|الحاسوب|
9523|جروب فايف|
9524|آيكتك|
9527|ألف ميم ياء|
9530|طبية|
9532|حلوة|
9533|المركز الآلي|
9536|فاديكو|
9537|أمواج الدولية|
9538|نسيج للتقنية|
9539|أقاسيم|
9540|تدوير|
9541|أكاديمية التعلم|
9542|كير|
9543|نت وركرس|
9544|الرعاية المستقبلية|
9545|الدولية|
9546|نبع الصحة|
9547|رواسي|
9548|ابيكو|
9549|البابطين الغذائية|
9550|شور|
9551|برج المعرفة|
9552|قمة السعودية|
9553|ملان|
9555|لين الخير|
9557|إدارات|
9558|القمم|
9559|بلدي|
9560|وجا|
9561|نولجنت|
9562|بوابة الأطعمة|
9563|بناء|
9564|آفاق الغذاء|
9565|معيار|
9566|الصناعات الجيرية|
9567|غذاء السلطان|
9568|ميار|
9569|آل منيف|
9570|تام التنموية|
9571|مناوله|
9572|الرازي|
9574|بروميديكس|
9575|ماربل ديزاين|
9576|منزل الورق|
9577|دار المركبة|
9578|مصاعد أطلس|
9579|رماث|
9580|الراشد للصناعة|
9581|كلين لايف|
9583|المتحدة للتعدين|
9584|ريال|
9585|ملكية للاستثمار|ملكية
9586|أصول وبخيت|
9587|لانا|
9588|حديد الرياض|
9591|فيو|
9592|المجتمع الطبية|
9593|عبر الخليج|
9594|المداواة|
9595|وسم|
9596|كوارا|
9597|الليف|
9598|المحافظة للتعليم|
9599|طاقات|
9600|كومل|
9601|الرشيد|
9602|يقين|
9603|الأفق التعليمية|
9604|ميرال|
9605|نفط الشرق|
9606|ثروة|
9607|عسق|
9608|الأشغال الميسرة|
9609|بترول ناس|
9610|الجادة الأولى|
9611|المتحدة للزجاج المسطح|
9612|مياه سما|
9613|شلفا|
9615|مفيد|
9616|جنى|
9617|ارابيكا ستار|
9619|الأعمال المتعددة|
9620|بلسم الطبية|
9621|دي آر سي|
9622|شموع الماضي|
9623|مصنع البتال|
9624|الشهيلي المعدنية|
9625|إتمام|
9626|سمايل كير|
9627|طوارئيات|
9628|لمسات|
9630|ريشيو|
9631|هضاب الخليج|
9632|رؤية المستقبل|
9634|أدير|
9635|دخون|
9636|الخزامى|
9637|الحلول المتسارعة|
9639|أنماط|
9640|أساس مكين|
9641|هوية|
9642|تايم|
9644|ناف|
9645|ساين وورلد|
9647|وجد الحياة|
9648|حمد بن سعيدان العقارية|
9649|جمجوم فاشن|
9650|ساحة المجد|
9651|التويجري|
9653|خالد ظافر وإخوانه|
9655|مسقا|
