code|name_en
2222|Saudi Arabian Oil Company
1120|Al Rajhi Banking and Investment Corporation
1180|The Saudi National Bank
1211|Saudi Arabian Mining Company (Maaden)
7010|Saudi Telecom Company
2010|Saudi Basic Industries Corporation
2082|ACWA Power Company
1010|Riyad Bank
4013|Dr. Sulaiman Al Habib Medical Services Group Company
1150|Alinma Bank
1060|Saudi Awwal Bank
5110|Saudi Energy Company
2020|SABIC Agri-Nutrients Company
1050|Banque Saudi Fransi
7020|Etihad Etisalat Company
4280|Kingdom Holding Company
1080|Arab National Bank
7203|Elm Company
2280|Almarai Company
2380|Rabigh Refining and Petrochemical Company
1140|Bank Albilad
4030|The National Shipping Company of Saudi Arabia
7202|Arabian Internet and Communication Services Company
4325|Umm Al Qura for Development and Construction Company
8210|Bupa Arabia for Cooperative Insurance Company
2223|Saudi Aramco Base Oil Company - Luberef
4300|Dar Al Arkan Real Estate Development Company
4250|Jabal Omar Development Company
8010|The Company for Cooperative Insurance
6015|Americana Restaurants International PLC
4190|Jarir Marketing Company
1030|The Saudi Investment Bank
2382|ADES Holding Company
2290|Yanbu National Petrochemical Company
1303|Electrical Industries Company
4142|Riyadh Cables Group Company
4100|Makkah Construction and Development Company
1020|aljazira bank
1111|Saudi Tadawul Group Holding Company
4263|SAL Saudi Logistics Services Company
4002|Mouwasat Medical Services Company
4200|Aldrees Petroleum and Transport Services Company
4164|Nahdi Medical Company
8313|Rasan Information Technology Company
2083|Power and Water Utility Company for Jubail and Yanbu
1212|Astra Industrial Group Company
8230|Al Rajhi Company for Cooperative Insurance
4004|Dallah Healthcare Company
4015|Jamjoom Pharmaceuticals Factory Company
4090|Taiba Investment Company
7030|Mobile Telecommunications Company Saudi Arabia
7200|Al Moammar Information Systems Company
2310|Sahara International Petrochemical Company
4220|Emaar The Economic City
4017|Dr. Soliman Abdel Kader Fakeeh Hospital Company
2381|Arabian Drilling Company
2250|Saudi Industrial Investment Group
4321|Arabian Centres Company
2350|Saudi Kayan Petrochemical Company
2050|Savola Group Company
4264|Flynas Company
4310|Knowledge Economic City Company
1322|Al Masane Al Kobra Mining Company
1321|East Pipes Integrated Company for Industry
4072|MBC Group
2230|Saudi Chemical Holding Company
2270|Saudia Dairy & Foodstuff Company
4291|National Company for Learning and Education
4020|Saudi Real Estate Company
2330|Advanced Petrochemical Company
2060|National Industrialization Company
1810|Seera Holding Group
6004|CATRION Catering Holding Company
4161|BinDawood Holding Company
4084|Derayah Financial Company
4018|Almoosa Health Company
4005|National Medical Care Company
3040|Qassim Cement Company
4003|United Electronics Company
8200|Saudi Reinsurance Company
4322|Retal Urban Development Company
2080|National Gas and Industrialization Company
3020|YAMAMA Cement Company
4210|Saudi Research and Media Group
4031|Saudi Ground Services Company
3030|Saudi Cement Company
4019|Specialized Medical Company
4001|Abdullah Al-Othaim Markets Company
4150|Arriyadh Development Co.
1830|Leejam Sports Company
6010|The National Agricultural Development Company
2070|Saudi Pharmaceutical Industries and Medical Appliances Corporation
2320|Al-Babtain Power and Telecommunications Company
4007|Al Hammadi Holding Company
4162|Almunajem Foods Company
2081|Alkhorayef Water and Power Technologies Company
2190|Sustained Infrastructure Holding Company
4163|Al-Dawaa Medical Services Company
4260|United International Transportation Company
4165|Al Majed for Oud Company
7040|Etihad GO Telecom Co.
4050|Saudi Automotive Services Company
1320|Saudi Steel Pipes Company
2283|The First Milling Company
4009|Middle East Healthcare Company
4071|Arabian Contracting Services Company
4146|Gas Arabian Services Company
6019|Almasar Alshamil Education Company JSC
3050|Southern Province Cement Company
3092|Riyadh Cement Company
1831|Maharah for Human Resources Company
6017|Jahez International Company for Information Systems Technology
3060|Yanbu Cement Company
9557|Edarat Communication and Information Technology Co.
2040|Saudi Ceramic Company
4327|Al Ramz Real Estate Company
4016|Middle East Pharmaceutical Industries Company
2300|Saudi Paper Manufacturing Company
1834|Saudi Manpower Solutions Company
8030|The Mediterranean and Gulf Cooperative Insurance and Reinsurance Company
2284|Modern Mills Company
4340|Al Rajhi REIT Fund
4192|Al-Saif Stores for Development & Investment Company
1302|Bawan Company
3010|Arabian Cement Company
2286|Fourth Milling Company
3080|Eastern Province Cement Company
6022|Armah Sports Company
4083|United International Holding Company
2285|Arabian Mills for Food Products Company
9523|Group Five Pipe Saudi Company
2170|Alujain Corporation
1833|Almawarid Manpower Company
4326|Dar Al Majed Real Estate Company
7204|Perfect Presentation for Commercial Services Company
1304|Al Yamamah Steel Industries Company
4240|AFG International Company
4292|Ataa Educational Company
8250|Gulf Insurance Group
2084|Miahona Company Limited
2240|Advanced Building Industries Co.
7211|Saudi Azm for Communication and Information Technology Company
1202|Middle East Company for Manufacturing and Producing Paper
4262|Lumi Rental Company
3003|City Cement Company
2370|Middle East Specialized Cables Company
2200|Arabian Pipes Company
8060|Walaa Cooperative Insurance Company
4040|Saudi Public Transport Company
4012|Thob Al Aseel Company
1183|SHL Finance Company
4320|Alandalus Property Company
4143|Al Taiseer Group TALCO Industrial Company
4261|Theeb Rent A Car Company
4344|SEDCO Capital REIT Fund
4193|Nice One Beauty Digital Marketing Company
4323|Sumou Real Estate Company
2110|Saudi Cable Company
2282|Naqi Water Company
2150|The National Company for Glass Industries
3004|Northern Region Cement Company
1820|BAAN Holding Group Company
1835|Tamkeen Human Resources Company
9540|National Environmental Recycling Company
4081|Nayifat Finance Company
2281|Tanmiah Food Company
4110|Batic Investments and Logistics Company
6070|Al-Jouf Agricultural Development Co.
4230|Red Sea International Company
6001|Halwani Bros. Co. Ltd.
6014|Alamar Foods Company
1323|United Carton Industries Company
9601|Mohammed Hadi Al-Rasheed Company
4080|Sinad Holding Company
8070|Arabian Shield Cooperative Insurance Company
9541|Academy of Learning Company
4328|Ladun Investment Company
6002|Herfy Food Services Company
2140|Ayyan Investment Company
4144|Raoom trading Company
3002|Najran Cement Company
6018|Sport Clubs Company
1182|Amlak International Finance Company
2120|Saudi Advanced Industries Company
4290|Al Khaleej Training and Education Company
4014|Scientific and Medical Equipment House Company
2340|Artex Industrial Investment Company
2030|Saudi Arabian Refineries Company
9521|INMAR Company
9559|Balady Poultry Company
9649|Jamjoom Fashion Trading Company
4145|Al Obeikan Glass Company
4330|Riyad REIT Fund
7205|Dar AlBalad for Business Solutions Company
9583|United Mining Industries Company
1324|Saleh Abdulaziz Al Rashed & Sons Co.
4191|Abdullah Saad Mohammed Abo Moati for Bookstores Company
9544|Future Care Trading Co.
4148|Alwasail Industrial Company
1214|Al Hassan Ghazi Ibrahim Shaker Company
9610|First Avenue Real Estate Development Company
4170|Tourism Enterprise Company (Shams)
8012|Aljazira Takaful Taawuni Company
8240|Chubb Arabia Cooperative Insurance Company
4265|Cherry Trading Company
1210|Basic Chemical Industries Company
2287|Arabian Company for Agricultural and Industrial Investment
4147|Consolidated Grunenfelder Saady Holding Company
8040|Mutakamela Insurance Company
3090|Tabuk Cement Company
4008|Saudi Company for Hardware SACO
2288|Nofoth Food Products Company
9637|Axelerated Solutions for Information and Communication Technology Company
4324|Banan Real Estate Company
3005|Umm Al-Qura Cement Company
4180|Fitaihi Holding Group
8120|Gulf Union Alahlia Cooperative Insurance Company
4194|Marketing Home Group Company for Trading Company
4082|Morabaha Marina Financing Company
3007|Zahrat Al Waha For Trading Company
9517|MOBI Industry Co.
8300|Wataniya Insurance Company
9655|MSGA Investment Company
9640|ASAS Makeen Real Estate Development and Investment Company
2160|The Saudi Arabian Amiantit Company
8280|Liva Insurance Company
9618|Al-Fakhera Men's Tailoring Company
9510|National Building and Marketing Co.
4051|Baazeem Trading Company
4011|L'azurde Company for Jewelry
3091|Al Jouf Cement Company
4333|Taleem REIT Fund
9611|Arabian United Float Glass Company
9634|Adeer Real Estate Company
4006|Saudi Marketing Company
2100|Wafrah for Industry and Development Company
1301|United Wire Factories Company
4270|Saudi Printing and Packaging Co.
9560|Waja Company
2130|Saudi Industrial Development Co.
9546|Naba Al Saha Medical Services Company
4336|Mulkia Gulf Real Estate REIT
8020|Malath Cooperative Insurance Company
9596|Quara Finance Company
4130|Darb Saudi Investment Company
2210|Nama Chemicals Company
4140|Saudi Industrial Export Company
4070|Tihama for Advertising, Public Relations and Marketing Company
9527|Alf Meem Yaa for Medical Supplies and Equipment Company
8160|Arabia Insurance Cooperative Company
9568|Mayar Holding Company
1832|Sadr Logistics Company
2180|Filling and Packing Materials Manufacturing Company
9575|Marble Design Factory Company
2001|Methanol Chemicals Company
2090|National Gypsum Company
9552|Saudi Top for Trading Company
6060|Ash-Sharqiyah Development Co.
9639|Anmat Technology for Trading Co.
4021|Canadian General Medical Center Complex Company
6090|Jazan Development and Investment Company
4061|Anaam International Holding Group Company
9614|Purity for Information Technology Company
9607|ASG Plastic Factory Company
6050|Saudi Fisheries Company
6016|Shatirah House Restaurant Co.
2220|National Metal Manufacturing and Casting Co.
9543|Saudi Networkers Services Company
9580|Al Rashid Industrial Co.
6040|Tabuk Agricultural Development Company
7201|Arab Sea Information Systems Company
6020|Al Gassim Investment Holding Company
9513|Watani Iron Steel Company
1213|Naseej International Trading Company
9628|Lamasat Company
9594|Al-Modawat Specialized Medical Company
9548|Arabian Plastic Industrial Company Limited
8170|Al-Etihad Cooperative Insurance Company
9627|Twareat Medical Care Company
9530|Arabian International Healthcare Holding Company
9625|Itmam Consultancy Company
8180|Al Sagr Cooperative Insurance Company
1201|Takween Advanced Industries
9574|Professional Medical Expertise Company
8100|Saudi Arabian Cooperative Insurance Company
9564|Horizon Food Company Limited
9514|Mohammed Hasan AlNaqool Sons Co.
4335|Musharaka REIT Fund
8310|Amana Cooperative Insurance Company
9550|Sure Global Tech Co.
2360|Saudi Vitrified Clay Pipe Company
9613|Shalfa Facilities Management Company
9641|Hawyia Auctions Company
9600|Qomel Company Limited
9648|Hamad Mohammed Bin Saedan Real Estate Company
9566|Saudi Lime Industries Company
9585|Mulkia Investment Company
3008|Al Kathiri Holding Company
6013|Development Works Food Company
9650|Sahat Almajd Trading Company
9631|Hedab Alkhaleej Trading Co.
9602|Yaqeen Capital Company
4141|Al-Omran Industrial Trading Company
9592|Almujtama Alraida Medical Co.
9603|Horizon Educational Company
9545|International Human Resources Company
4160|Thimar Development Holding Company
8050|Salama Cooperative Insurance Company
8311|Saudi Enaya Cooperative Insurance Company
9563|BENA Steel Industries
8150|Allied Cooperative Insurance Group
9576|Paper Home Company
9598|Al Mohafaza Company for Education
9551|Knowledge Tower
9604|Miral Dental Company
9532|Aljouf Mineral Water Bottling Co.
9636|Al Kuzama Trading Co
9569|AlMuneef Company for Trade, Industry, Agriculture and Contracting
9570|Tam Development Company
9538|Naseej for Technology Co.
9547|Rawasi Albina Investment Co.
9593|Pan Gulf Marketing Company
9644|Naf Company for Feed for Industry
9615|Mufeed Company
8190|United Cooperative Assurance Company
9591|View United Real Estate Development Co.
4331|Aljazira Mawten REIT Fund
9624|Alshehili Company for metal industries
6012|Raydan Food Company
9516|Natural Gas Distribution Company
9581|Clean Life Company
9542|Keir International Co.
9635|Dkhoun National Trading Company
9626|Basma Adeem Medical company
9558|Alqemam for Computer Systems Co.
8260|Gulf General Cooperative Insurance Company
9587|Lana Medical Company
9612|SAMA Healthy Water Factory company
9606|Altharwah Albashariyyah Co.
9588|Riyadh Steel Company
9584|Riyal Investment and Development Company
9555|Leen Alkhair Trading Company
9549|Abdulaziz and Mansour Ibrahim Albabtin Co.
9537|Amwaj International Company
9609|Nass Petrol Factory Company
9599|Taqat Mineral Trading Company
9645|National Signage Industrial Company
9651|Abdul Aziz Al-Tuwaijri Trading Company
9522|Alhasoob Co.
9524|Advance International Company for Communication and Information Technology
9622|Shmoh Almadi Company
9619|Multi Business Group Company for Projects
9589|Fad International Company
9578|Atlas Elevators General Trading & Contracting Company
9647|Wajd life trading Company
9515|Fesh Fash Snack Food Production Company
9608|Al Ashghal Al Moysra Co.
9597|Leaf Global Environmental Services Company
9586|Osool & Bakheet Investment Company
9539|Aqaseem Factory for Chemicals and Plastics Co.
9562|Foods Gate Trading Co.
9623|Al Battal Factory for Chemical Industries Company
9632|Future Vision for Health Training Company
9620|Balsm Alofoq Medical Company
9621|Digital Research Company
9605|Neft Alsharq For Chemical Industry Company
9571|Munawla Cargo Co. Ltd.
9630|Ratio Speciality Company for Trading
9567|Ghida Al-Sultan Company
9633|Service Equipment Co.
9536|Arabian Food and Dairy Factories Company
9561|Knowledge Net Computer Company
9579|Rimath Hospitality Company
9533|Saudi Parts Center Company
9616|Jana Medical Company
9595|WSM For Information Technology
9653|Khaled Dhafer & Brothers Logistics Services Company
9572|Al-Razi Medical Company
9577|DAR ALMARKABAH For Renting Cars Company
9617|Arabica Star Company
9565|Meyar Company
9553|Molan Steel Company
9642|Time Entertainment Company
