code|name_en|indices
A|Agilent Technologies|S&P 500
AAMI|Acadian Asset Management|S&P 600
AAP|Advance Auto Parts|S&P 600
AAPL|Apple Inc.|DOW JONES;NASDAQ 100;S&P 100;S&P 500
AAT|American Assets Trust|S&P 600
ABBV|AbbVie|S&P 100;S&P 500
ABCB|Ameris Bancorp|S&P 600
ABG|Asbury Automotive Group|S&P 600
ABM|ABM Industries|S&P 600
ABNB|Airbnb|NASDAQ 100;S&P 500
ABR|Arbor Realty Trust|S&P 600
ABT|Abbott Laboratories|S&P 100;S&P 500
ACA|Arcosa, Inc.|S&P 600
ACAD|Acadia Pharmaceuticals|S&P 600
ACGL|Arch Capital Group|S&P 500
ACHC|Acadia Healthcare|S&P 600
ACIW|ACI Worldwide|S&P 600
ACLS|Axcelis Technologies|S&P 600
ACMR|ACM Research|S&P 600
ACN|Accenture|S&P 100;S&P 500
ACT|Enact Holdings, Inc.|S&P 600
ADAM|Adamas Trust, Inc.|S&P 600
ADBE|Adobe Inc.|NASDAQ 100;S&P 100;S&P 500
ADEA|Adeia|S&P 600
ADI|Analog Devices|NASDAQ 100;S&P 500
ADM|Archer Daniels Midland|S&P 500
ADMA|ADMA Biologics, Inc.|S&P 600
ADNT|Adient|S&P 600
ADP|ADP|NASDAQ 100;S&P 500
ADSK|Autodesk|NASDAQ 100;S&P 500
ADT|ADT Inc.|S&P 600
ADUS|Addus HomeCare Corp.|S&P 600
AEE|Ameren|S&P 500
AEO|American Eagle Outfitters|S&P 600
AEP|American Electric Power|NASDAQ 100;S&P 500
AES|AES Corporation|S&P 500
AESI|Atlas Energy Solutions, Inc.|S&P 600
AFL|Aflac|S&P 500
AGO|Assured Guaranty Ltd.|S&P 600
AGYS|Agilysys|S&P 600
AHCO|AdaptHealth Corp.|S&P 600
AHH|Armada Hoffler Properties, Inc.|S&P 600
AIG|American International Group|S&P 100;S&P 500
AIN|Albany International|S&P 600
AIR|AAR Corp|S&P 600
AIZ|Arthur J. Gallagher & Co.|S&P 500
AJG|Arthur J. Gallagher & Co.|S&P 500
AKAM|Akamai Technologies|S&P 500
AKR|Acadia Realty Trust|S&P 600
AL|Air Lease Corporation|S&P 600
ALB|Albemarle Corporation|S&P 500
ALEX|Alexander & Baldwin|S&P 600
ALG|Alamo Group|S&P 600
ALGN|Align Technology|S&P 500
ALGT|Allegiant Travel Company|S&P 600
ALKS|Alkermes|S&P 600
ALL|Allstate|S&P 500
ALLE|Allegion|S&P 500
ALNY|Alnylam Pharmaceuticals|NASDAQ 100
ALRM|Alarm.com|S&P 600
AMAT|Applied Materials|NASDAQ 100;S&P 500
AMCR|Amcor|S&P 500
AMD|AMD|NASDAQ 100;S&P 100;S&P 500
AME|Ametek|S&P 500
AMGN|Amgen|DOW JONES;NASDAQ 100;S&P 100;S&P 500
AMN|Amn Healthcare Services, Inc.|S&P 600
AMP|Ameriprise Financial|S&P 500
AMPH|Amphastar Pharmaceuticals|S&P 600
AMR|Alpha Metallurgical Resources|S&P 600
AMRX|Amneal Pharmaceuticals|S&P 600
AMSF|Amerisafe, Inc.|S&P 600
AMT|American Tower|S&P 100;S&P 500
AMTM|Amentum|S&P 600
AMWD|American Woodmark|S&P 600
AMZN|Amazon|DOW JONES;NASDAQ 100;S&P 100;S&P 500
ANDE|The Andersons|S&P 600
ANET|Arista Networks|S&P 500
ANGI|Angi Inc.|S&P 600
ANIP|ANI Pharmaceuticals, Inc.|S&P 600
AON|Aon|S&P 500
AORT|Artivion|S&P 600
AOS|A. O. Smith|S&P 500
AOSL|Alpha and Omega Semiconductor, Ltd.|S&P 600
APA|APA Corporation|S&P 500
APAM|Artisan Partners|S&P 600
APD|Air Products|S&P 500
APH|Amphenol|S&P 500
APLE|Apple Hospitality REIT, Inc.|S&P 600
APLS|Apellis Pharmaceuticals, Inc.|S&P 600
APO|Apollo Commercial Real Estate Finance|S&P 500
APOG|Apogee Enterprises, Inc.|S&P 600
APP|AppLovin|NASDAQ 100;S&P 500
APTV|Aptiv|S&P 500
ARCB|ArcBest|S&P 600
ARE|Alexandria Real Estate Equities|S&P 500
ARES|Ares Management|S&P 500
ARI|Apollo Commercial Real Estate Finance|S&P 600
ARLO|Arlo Technologies|S&P 600
ARM|Arm Holdings|NASDAQ 100
AROC|Archrock, Inc.|S&P 600
ARR|Armour Residential REIT|S&P 600
ASML|ASML Holding|NASDAQ 100
ASO|Academy Sports + Outdoors|S&P 600
ASTE|Astec Industries, Inc.|S&P 600
ASTH|Astrana Health, Inc.|S&P 600
ATEN|A10 Networks|S&P 600
ATGE|Adtalem Global Education|S&P 600
ATO|Atmos Energy|S&P 500
AUB|Atlantic Union Bank|S&P 600
AVA|Avista|S&P 600
AVB|AvalonBay Communities|S&P 500
AVGO|Broadcom|NASDAQ 100;S&P 100;S&P 500
AVNS|Avanos Medical|S&P 600
AVY|Avery Dennison|S&P 500
AWI|Armstrong World Industries|S&P 600
AWK|American Water Works|S&P 500
AWR|American States Water Company|S&P 600
AX|Axos Financial|S&P 600
AXL|American Axle|S&P 600
AXON|Axon Enterprise|NASDAQ 100;S&P 500
AXP|American Express|DOW JONES;S&P 100;S&P 500
AZO|AutoZone|S&P 500
AZTA|Azenta|S&P 600
AZZ|AZZ, Inc.|S&P 600
BA|Boeing|DOW JONES;S&P 100;S&P 500
BAC|Bank of America|S&P 100;S&P 500
BALL|Ball Corporation|S&P 500
BANC|Banc of California|S&P 600
BANF|BancFirst|S&P 600
BANR|Banner Bank|S&P 600
BAX|Baxter International|S&P 500
BBT|Beacon Financial Corp.|S&P 600
BBY|Best Buy|S&P 500
BCC|Boise Cascade|S&P 600
BCPC|Balchem Corporation|S&P 600
BDX|BD|S&P 500
BEN|Franklin Templeton Investments|S&P 500
BF.B|Brown–Forman|S&P 500
BFH|Bread Financial|S&P 600
BFS|Saul Centers, Inc.|S&P 600
BG|Bunge Global|S&P 500
BGC|BGC Group|S&P 600
BHE|Benchmark Electronics|S&P 600
BIIB|Biogen|S&P 500
BJRI|BJ’s Restaurants|S&P 600
BK|BNY|S&P 100;S&P 500
BKE|Buckle (clothing retailer)|S&P 600
BKNG|Booking Holdings|NASDAQ 100;S&P 100;S&P 500
BKR|Baker Hughes|NASDAQ 100;S&P 500
BKU|BankUnited|S&P 600
BL|BlackLine Systems|S&P 600
BLDR|Builders FirstSource|S&P 500
BLFS|BioLife Solutions, Inc.|S&P 600
BLK|BlackRock|S&P 100;S&P 500
BLMN|Bloomin' Brands|S&P 600
BMI|Badger Meter, Inc.|S&P 600
BMY|Bristol Myers Squibb|S&P 100;S&P 500
BOH|Bank of Hawaii|S&P 600
BOOT|Boot Barn Holdings, Inc.|S&P 600
BOX|Box|S&P 600
BR|Broadridge Financial Solutions|S&P 500
BRC|Brady Corporation|S&P 600
BRK.B|Berkshire Hathaway|S&P 100;S&P 500
BRO|Brown & Brown|S&P 500
BSX|Boston Scientific|S&P 500
BTSG|BrightSpring Health Services, Inc.|S&P 600
BTU|Peabody Energy|S&P 600
BX|Blackstone Inc.|S&P 500
BXMT|Blackstone Mortgage Trust, Inc.|S&P 600
BXP|BXP, Inc.|S&P 500
C|Citigroup|S&P 100;S&P 500
CABO|Cable One|S&P 600
CAG|Conagra Brands|S&P 500
CAH|Cardinal Health|S&P 500
CAKE|The Cheesecake Factory|S&P 600
CALM|Cal-Maine|S&P 600
CALX|Calix, Inc.|S&P 600
CARG|CarGurus|S&P 600
CARR|Carrier Global|S&P 500
CARS|Cars.com|S&P 600
CASH|MetaBank|S&P 600
CAT|Caterpillar Inc.|DOW JONES;S&P 100;S&P 500
CATY|Cathay General Bancorp|S&P 600
CB|Chubb Limited|S&P 500
CBOE|Cboe Global Markets|S&P 500
CBRE|CBRE Group|S&P 500
CBRL|Cracker Barrel|S&P 600
CBU|Community Bank, N.A.|S&P 600
CC|Chemours|S&P 600
CCEP|Coca-Cola Europacific Partners|NASDAQ 100
CCI|Crown Castle|S&P 500
CCL|Carnival Corporation & plc|S&P 500
CCOI|Cogent Communications|S&P 600
CCS|Century Communities, Inc.|S&P 600
CDNS|Cadence Design Systems|NASDAQ 100;S&P 500
CDW|CDW|S&P 500
CE|Celanese|S&P 600
CEG|Constellation Energy|NASDAQ 100;S&P 500
CENT|Central Garden & Pet Company|S&P 600
CENTA|Central Garden & Pet Company (Class A)|S&P 600
CENX|Century Aluminum|S&P 600
CERT|Certara, Inc.|S&P 600
CF|CF Industries|S&P 500
CFFN|Capitol Federal Savings Bank|S&P 600
CFG|Citizens Financial Group|S&P 500
CHCO|City Holding Company|S&P 600
CHD|Church & Dwight|S&P 500
CHEF|Chefs' Warehouse, Inc.|S&P 600
CHRW|C.H. Robinson|S&P 500
CHTR|Charter Communications|NASDAQ 100;S&P 500
CI|Cigna|S&P 500
CIEN|Ciena|S&P 500
CINF|Cincinnati Financial|S&P 500
CL|Colgate-Palmolive|S&P 100;S&P 500
CLB|Core Laboratories|S&P 600
CLSK|CleanSpark, Inc.|S&P 600
CLX|Clorox|S&P 500
CMCSA|Comcast|NASDAQ 100;S&P 100;S&P 500
CME|CME Group|S&P 500
CMG|Chipotle Mexican Grill|S&P 500
CMI|Cummins|S&P 500
CMS|CMS Energy|S&P 500
CNC|Centene Corporation|S&P 500
CNK|Cinemark Theatres|S&P 600
CNMD|CONMED Corporation|S&P 600
CNP|CenterPoint Energy|S&P 500
CNR|CONSOL Energy|S&P 600
CNS|Cohen & Steers|S&P 600
CNXN|PC Connection|S&P 600
COF|Capital One|S&P 100;S&P 500
COHU|Cohu, Inc.|S&P 600
COIN|Coinbase|S&P 500
COLL|Collegium Pharmaceutical, Inc.|S&P 600
CON|Concentra Group Holdings Parent, Inc.|S&P 600
COO|The Cooper Companies|S&P 500
COP|ConocoPhillips|S&P 100;S&P 500
COR|Cencora|S&P 500
CORT|Corcept Therapeutics|S&P 600
COST|Costco|NASDAQ 100;S&P 100;S&P 500
CPAY|Corpay|S&P 500
CPB|Campbell's|S&P 500
CPF|Central Pacific Financial Corp.|S&P 600
CPK|Chesapeake Utilities|S&P 600
CPRT|Copart|NASDAQ 100;S&P 500
CPRX|Catalyst Pharmaceuticals|S&P 600
CPT|Camden Property Trust|S&P 500
CRC|California Resources Corporation|S&P 600
CRGY|Crescent Energy Company|S&P 600
CRH|CRH plc|S&P 500
CRI|Carter's|S&P 600
CRK|Comstock Resources, Inc.|S&P 600
CRL|Charles River Laboratories|S&P 500
CRM|Salesforce|DOW JONES;S&P 100;S&P 500
CRSR|Corsair Gaming|S&P 600
CRVL|CorVel Corporation|S&P 600
CRWD|CrowdStrike|NASDAQ 100;S&P 500
CSCO|Cisco|DOW JONES;NASDAQ 100;S&P 100;S&P 500
CSGP|CoStar Group|NASDAQ 100;S&P 500
CSGS|CSG Systems International, Inc.|S&P 600
CSR|Centerspace Trust|S&P 600
CSW|CSW Industrials, Inc.|S&P 600
CSX|CSX Corporation|NASDAQ 100;S&P 500
CTAS|Cintas|NASDAQ 100;S&P 500
CTKB|Cytek Biosciences, Inc.|S&P 600
CTRA|Coterra|S&P 500
CTRE|CareTrust REIT, Inc.|S&P 600
CTS|CTS Corporation|S&P 600
CTSH|Cognizant|NASDAQ 100;S&P 500
CTVA|Corteva|S&P 500
CUBI|Customers Bancorp, Inc.|S&P 600
CURB|Curbline Properties Corp.|S&P 600
CVBF|CVB Financial Corp.|S&P 600
CVCO|Cavco Industries, Inc.|S&P 600
CVI|CVR Energy, Inc.|S&P 600
CVNA|Carvana|S&P 500
CVS|CVS Health|S&P 100;S&P 500
CVX|Chevron Corporation|DOW JONES;S&P 100;S&P 500
CWEN|Clearway Energy, Inc. (Class C)|S&P 600
CWEN.A|Clearway Energy, Inc. (Class A)|S&P 600
CWK|Cushman & Wakefield|S&P 600
CWST|Casella Waste Systems|S&P 600
CWT|California Water Service Group|S&P 600
CXM|Sprinklr|S&P 600
CXW|CoreCivic|S&P 600
CZR|Caesars Entertainment|S&P 600
D|Dominion Energy|S&P 500
DAL|Delta Air Lines|S&P 500
DAN|Dana Incorporated|S&P 600
DASH|DoorDash|NASDAQ 100;S&P 500
DCOM|Dime Community Bank|S&P 600
DD|DuPont|S&P 500
DDOG|Datadog|NASDAQ 100;S&P 500
DE|John Deere|S&P 100;S&P 500
DEA|Easterly Government Properties, Inc.|S&P 600
DECK|Deckers Brands|S&P 500
DEI|Douglas Emmett|S&P 600
DELL|Dell Technologies|S&P 500
DFH|Dream Finders Homes, Inc.|S&P 600
DFIN|Donnelley Financial Solutions|S&P 600
DG|Dollar General|S&P 500
DGII|Digi International|S&P 600
DGX|Quest Diagnostics|S&P 500
DHI|D. R. Horton|S&P 500
DHR|Danaher Corporation|S&P 100;S&P 500
DIOD|Diodes Incorporated|S&P 600
DIS|The Walt Disney Company|DOW JONES;S&P 100;S&P 500
DLR|Digital Realty|S&P 500
DLTR|Dollar Tree|S&P 500
DLX|Deluxe Corporation|S&P 600
DNOW|NOW Inc|S&P 600
DOC|Healthpeak Properties|S&P 500
DOCN|DigitalOcean|S&P 600
DORM|Dorman products|S&P 600
DOV|Dover Corporation|S&P 500
DOW|Dow Chemical Company|S&P 500
DPZ|Domino's|S&P 500
DRH|DiamondRock Hospitality Company|S&P 600
DRI|Darden Restaurants|S&P 500
DTE|DTE Energy|S&P 500
DUK|Duke Energy|S&P 100;S&P 500
DV|DoubleVerify Holdings, Inc.|S&P 600
DVA|DaVita|S&P 500
DVN|Devon Energy|S&P 500
DXC|DXC Technology|S&P 600
DXCM|DexCom|NASDAQ 100;S&P 500
DXPE|DXP Enterprises, Inc.|S&P 600
EA|Electronic Arts|NASDAQ 100;S&P 500
EAT|Brinker International Inc|S&P 600
EBAY|EBay|S&P 500
ECG|Everus Construction Group, Inc.|S&P 600
ECL|Ecolab|S&P 500
ECPG|Encore Capital Group|S&P 600
ED|Consolidated Edison|S&P 500
EFC|Ellington Financial, Inc.|S&P 600
EFX|Equifax|S&P 500
EG|Everest Group|S&P 500
EGBN|EagleBank|S&P 600
EIG|Employers Holdings, Inc.|S&P 600
EIX|Edison International|S&P 500
EL|The Estée Lauder Companies|S&P 500
ELV|Elevance Health|S&P 500
EMBC|Embecta Corp.|S&P 600
EME|Emcor|S&P 500
EMN|Eastman Chemical Company|S&P 600
EMR|Emerson Electric|S&P 100;S&P 500
ENOV|Enovis|S&P 600
ENPH|Enphase Energy|S&P 600
ENR|Energizer|S&P 600
ENVA|Enova International, Inc.|S&P 600
EOG|EOG Resources|S&P 500
EPAC|Enerpac Tool Group|S&P 600
EPAM|EPAM Systems|S&P 500
EPC|Edgewell Personal Care|S&P 600
EPRT|Essential Properties Realty Trust, Inc.|S&P 600
EQIX|Equinix|S&P 500
EQR|Equity Residential|S&P 500
EQT|EQT Corporation|S&P 500
ERIE|Erie Insurance Group|S&P 500
ES|Eversource Energy|S&P 500
ESE|ESCO Technologies Inc.|S&P 600
ESI|Element Solutions|S&P 600
ESS|Essex Property Trust|S&P 500
ETD|Ethan Allen|S&P 600
ETN|Eaton Corporation|S&P 500
ETR|Entergy|S&P 500
ETSY|Etsy|S&P 600
EVRG|Evergy|S&P 500
EVTC|EVERTEC, Inc.|S&P 600
EW|Edwards Lifesciences|S&P 500
EXC|Exelon|NASDAQ 100;S&P 500
EXE|Expand Energy|S&P 500
EXPD|Expeditors International|S&P 500
EXPE|Expedia Group|S&P 500
EXPI|eXp World Holdings, Inc.|S&P 600
EXR|Extra Space Storage|S&P 500
EXTR|Extreme Networks|S&P 600
EYE|National Vision Holdings|S&P 600
EZPW|EZCorp|S&P 600
F|Ford Motor Company|S&P 500
FANG|Diamondback Energy|NASDAQ 100;S&P 500
FAST|Fastenal|NASDAQ 100;S&P 500
FBK|FB Financial Corp.|S&P 600
FBNC|First Bancorp|S&P 600
FBP|First BanCorp|S&P 600
FBRT|Franklin BSP Realty Trust, Inc.|S&P 600
FCF|First Commonwealth Bank|S&P 600
FCPT|Four Corners Property Trust, Inc.|S&P 600
FCX|Freeport-McMoRan|S&P 500
FDP|Fresh Del Monte Produce|S&P 600
FDS|FactSet|S&P 500
FDX|FedEx|S&P 100;S&P 500
FE|FirstEnergy|S&P 500
FELE|Franklin Electric|S&P 600
FER|Ferrovial|NASDAQ 100
FFBC|First Financial Bancorp|S&P 600
FFIV|F5, Inc.|S&P 500
FHB|First Hawaiian Bank|S&P 600
FIBK|First Interstate BancSystem|S&P 600
FICO|FICO|S&P 500
FIS|FIS|S&P 500
FISV|Fiserv|S&P 500
FITB|Fifth Third Bancorp|S&P 500
FIX|Comfort Systems USA|S&P 500
FIZZ|National Beverage|S&P 600
FMC|FMC Corporation|S&P 600
FORM|FormFactor, Inc.|S&P 600
FOX|Fox Corporation|S&P 500
FOXA|Fox Corporation|S&P 500
FOXF|Fox Factory|S&P 600
FRPT|Freshpet|S&P 600
FRT|Federal Realty Investment Trust|S&P 500
FSLR|First Solar|S&P 500
FSS|Federal Signal Corporation|S&P 600
FTDR|Frontdoor, Inc.|S&P 600
FTNT|Fortinet|NASDAQ 100;S&P 500
FTRE|Fortrea|S&P 600
FTV|Fortive|S&P 500
FUL|H.B. Fuller Company|S&P 600
FULT|Fulton Financial Corporation|S&P 600
FUN|Six Flags|S&P 600
FWRD|Forward Air Corp.|S&P 600
GBX|The Greenbrier Companies|S&P 600
GD|General Dynamics|S&P 100;S&P 500
GDDY|GoDaddy|S&P 500
GDEN|Golden Entertainment|S&P 600
GDYN|Grid Dynamics Holdings, Inc.|S&P 600
GE|GE Aerospace|S&P 100;S&P 500
GEHC|GE HealthCare|NASDAQ 100;S&P 500
GEN|Gen Digital|S&P 500
GEO|GEO Group|S&P 600
GEV|GE Vernova|S&P 500
GFF|Griffon Corporation|S&P 600
GIII|G-III Apparel Group|S&P 600
GILD|Gilead Sciences|NASDAQ 100;S&P 100;S&P 500
GIS|General Mills|S&P 500
GKOS|Glaukos Corp.|S&P 600
GL|Globe Life|S&P 500
GLW|Corning Inc.|S&P 500
GM|General Motors|S&P 100;S&P 500
GNL|Global Net Lease, Inc.|S&P 600
GNRC|Generac|S&P 500
GNW|Genworth Financial|S&P 600
GO|Grocery Outlet|S&P 600
GOGO|Gogo Inflight Internet|S&P 600
GOLF|Acushnet Company|S&P 600
GOOG|Alphabet Inc.|NASDAQ 100;S&P 100;S&P 500
GOOGL|Alphabet Inc.|NASDAQ 100;S&P 100;S&P 500
GPC|Genuine Parts Company|S&P 500
GPI|Group 1 Automotive Inc.|S&P 600
GPN|Global Payments|S&P 500
GRBK|Green Brick Partners, Inc.|S&P 600
GRMN|Garmin|S&P 500
GS|Goldman Sachs|DOW JONES;S&P 100;S&P 500
GSHD|Goosehead Insurance, Inc.|S&P 600
GTES|Gates Corporation|S&P 600
GTY|Getty Realty Corp.|S&P 600
GVA|Granite Construction|S&P 600
GWW|W. W. Grainger|S&P 500
HAFC|Hanmi Bank|S&P 600
HAL|Halliburton|S&P 500
HAS|Hasbro|S&P 500
HASI|Hannon Armstrong Sustainable Infrastructure Capital, Inc.|S&P 600
HAYW|Hayward Holdings, Inc.|S&P 600
HBAN|Huntington Bancshares|S&P 500
HCA|HCA Healthcare|S&P 500
HCC|Warrior Met Coal, Inc.|S&P 600
HCI|HCI Group, Inc.|S&P 600
HCSG|Healthcare Services Group, Inc.|S&P 600
HD|Home Depot|DOW JONES;S&P 100;S&P 500
HE|Hawaiian Electric Industries|S&P 600
HFWA|Heritage Financial Corporation|S&P 600
HIG|The Hartford|S&P 500
HII|Huntington Ingalls Industries|S&P 500
HIW|Highwoods Properties|S&P 600
HLIT|Harmonic Inc.|S&P 600
HLT|Hilton Worldwide|S&P 500
HLX|Helix Energy Solutions Group|S&P 600
HMN|Horace Mann Educators Corporation|S&P 600
HNI|HNI Corporation|S&P 600
HOLX|Hologic|S&P 500
HON|Honeywell|DOW JONES;NASDAQ 100;S&P 100;S&P 500
HOOD|Robinhood Markets|S&P 500
HOPE|Bank of Hope|S&P 600
HP|Helmerich & Payne|S&P 600
HPE|Hewlett Packard Enterprise|S&P 500
HPQ|HP Inc.|S&P 500
HRL|Hormel Foods|S&P 500
HRMY|Harmony Biosciences Holdings, Inc.|S&P 600
HSIC|Henry Schein|S&P 500
HST|Host Hotels & Resorts|S&P 500
HSTM|HealthStream, Inc.|S&P 600
HSY|The Hershey Company|S&P 500
HTH|Hilltop Holdings Inc.|S&P 600
HTLD|Heartland Express, Inc.|S&P 600
HTO|H2O America|S&P 600
HTZ|The Hertz Corporation|S&P 600
HUBB|Hubbell Incorporated|S&P 500
HUBG|Hub Group|S&P 600
HUM|Humana|S&P 500
HWKN|Hawkins, Inc.|S&P 600
HWM|Howmet Aerospace|S&P 500
HZO|MarineMax, Inc.|S&P 600
IAC|IAC Inc.|S&P 600
IART|Integra LifeSciences|S&P 600
IBKR|Interactive Brokers|S&P 500
IBM|IBM|DOW JONES;S&P 100;S&P 500
IBP|Installed Building Products, Inc.|S&P 600
ICE|Intercontinental Exchange|S&P 500
ICHR|Ichor Holdings, Ltd.|S&P 600
ICUI|ICU Medical|S&P 600
IDCC|InterDigital|S&P 600
IDXX|Idexx Laboratories|NASDAQ 100;S&P 500
IEX|IDEX Corporation|S&P 500
IFF|International Flavors & Fragrances|S&P 500
IIIN|Insteel Industries, Inc.|S&P 600
IIPR|Innovative Industrial Properties, Inc.|S&P 600
INCY|Incyte|S&P 500
INDB|Independent Bank Corp.|S&P 600
INDV|Indivior|S&P 600
INN|Summit Hotel Properties, Inc.|S&P 600
INSM|Insmed|NASDAQ 100
INSP|Inspire Medical Systems, Inc.|S&P 600
INSW|International Seaways, Inc.|S&P 600
INTC|Intel|NASDAQ 100;S&P 100;S&P 500
INTU|Intuit|NASDAQ 100;S&P 100;S&P 500
INVA|Innoviva, Inc.|S&P 600
INVH|Invitation Homes|S&P 500
INVX|Innovex International, Inc.|S&P 600
IOSP|Innospec|S&P 600
IP|International Paper|S&P 500
IPAR|Inter Parfums, Inc.|S&P 600
IQV|IQVIA|S&P 500
IR|Ingersoll Rand|S&P 500
IRDM|Iridium Communications|S&P 600
IRM|Iron Mountain|S&P 500
ISRG|Intuitive Surgical|NASDAQ 100;S&P 100;S&P 500
IT|Gartner|S&P 500
ITGR|Integer Holdings Corporation|S&P 600
ITRI|Itron|S&P 600
ITW|Illinois Tool Works|S&P 500
IVZ|Invesco|S&P 500
J|Jacobs Solutions|S&P 500
JBGS|JBG Smith|S&P 600
JBHT|J.B. Hunt|S&P 500
JBL|Jabil|S&P 500
JBLU|JetBlue|S&P 600
JBSS|John B. Sanfilippo & Son, Inc.|S&P 600
JBTM|JBT Corporation|S&P 600
JCI|Johnson Controls|S&P 500
JJSF|J & J Snack Foods|S&P 600
JKHY|Jack Henry & Associates|S&P 500
JNJ|Johnson & Johnson|DOW JONES;S&P 100;S&P 500
JOE|St. Joe Company|S&P 600
JPM|JPMorgan Chase|DOW JONES;S&P 100;S&P 500
JXN|Jackson National Life|S&P 600
KAI|Kadant|S&P 600
KALU|Kaiser Aluminum|S&P 600
KDP|Keurig Dr Pepper|NASDAQ 100;S&P 500
KEY|KeyCorp|S&P 500
KEYS|Keysight Technologies|S&P 500
KFY|Korn Ferry|S&P 600
KGS|Kodiak Gas Services, Inc.|S&P 600
KHC|Kraft Heinz|NASDAQ 100;S&P 500
KIM|Kimco Realty|S&P 500
KKR|Kohlberg Kravis Roberts|S&P 500
KLAC|KLA Corporation|NASDAQ 100;S&P 500
KLIC|Kulicke and Soffa Industries, Inc.|S&P 600
KMB|Kimberly-Clark|S&P 500
KMI|Kinder Morgan|S&P 500
KMT|Kennametal|S&P 600
KMX|CarMax|S&P 600
KN|Knowles Corporation|S&P 600
KNTK|Kinetik Holdings, Inc.|S&P 600
KO|The Coca-Cola Company|DOW JONES;S&P 100;S&P 500
KOP|Koppers|S&P 600
KR|Kroger|S&P 500
KREF|KKR Real Estate Finance Trust, Inc.|S&P 600
KRYS|Krystal Biotech, Inc.|S&P 600
KSS|Kohl's|S&P 600
KTB|Kontoor Brands|S&P 600
KVUE|Kenvue|S&P 500
KW|Kennedy Wilson|S&P 600
KWR|Quaker Chemical Corporation|S&P 600
L|Loews Corporation|S&P 500
LBRT|Liberty Energy, Inc.|S&P 600
LCII|LCI Industries|S&P 600
LDOS|Leidos|S&P 500
LEG|Leggett & Platt|S&P 600
LEN|Lennar|S&P 500
LGIH|LGI Homes|S&P 600
LGND|Ligand Pharmaceuticals|S&P 600
LH|Labcorp|S&P 500
LHX|L3Harris|S&P 500
LII|Lennox International|S&P 500
LIN|Linde plc|NASDAQ 100;S&P 100;S&P 500
LKFN|Lakeland Financial|S&P 600
LKQ|LKQ Corporation|S&P 600
LLY|Eli Lilly and Company|S&P 100;S&P 500
LMAT|LeMaitre Vascular|S&P 600
LMT|Lockheed Martin|S&P 100;S&P 500
LNC|Lincoln Financial|S&P 600
LNN|Lindsay Corporation|S&P 600
LNT|Alliant Energy|S&P 500
LOW|Lowe's|S&P 100;S&P 500
LPG|Dorian LPG Ltd.|S&P 600
LQDT|Liquidity Services|S&P 600
LRCX|Lam Research|NASDAQ 100;S&P 500
LRN|Stride, Inc.|S&P 600
LTC|LTC Properties, Inc.|S&P 600
LULU|Lululemon|S&P 500
LUMN|Lumen Technologies|S&P 600
LUV|Southwest Airlines|S&P 500
LVS|Las Vegas Sands|S&P 500
LW|Lamb Weston|S&P 500
LXP|Lexington Realty Trust|S&P 600
LYB|LyondellBasell|S&P 500
LYV|Live Nation Entertainment|S&P 500
LZ|LegalZoom|S&P 600
LZB|La-Z-Boy|S&P 600
MA|Mastercard|S&P 100;S&P 500
MAA|Mid-America Apartment Communities|S&P 500
MAC|Macerich|S&P 600
MAN|ManpowerGroup|S&P 600
MAR|Marriott International|NASDAQ 100;S&P 500
MARA|Marathon Digital|S&P 600
MAS|Masco|S&P 500
MATW|Matthews International Corporation|S&P 600
MATX|Matson, Inc.|S&P 600
MBC|MasterBrand, Inc.|S&P 600
MBIN|Merchants Bancorp|S&P 600
MC|Moelis & Company|S&P 600
MCD|McDonald's|DOW JONES;S&P 100;S&P 500
MCHP|Microchip Technology|NASDAQ 100;S&P 500
MCK|McKesson Corporation|S&P 500
MCO|Moody's Corporation|S&P 500
MCRI|Monarch Casino & Resort, Inc.|S&P 600
MCW|Mister Car Wash, Inc.|S&P 600
MCY|Mercury General|S&P 600
MD|Pediatrix Medical Group|S&P 600
MDLZ|Mondelez International|NASDAQ 100;S&P 100;S&P 500
MDT|Medtronic|S&P 100;S&P 500
MDU|MDU Resources|S&P 600
MELI|Mercado Libre|NASDAQ 100
MET|MetLife|S&P 100;S&P 500
META|Meta Platforms|NASDAQ 100;S&P 100;S&P 500
MGEE|MGE Energy|S&P 600
MGM|MGM Resorts|S&P 500
MGY|Magnolia Oil & Gas, Corp.|S&P 600
MHK|Globe Life|S&P 600
MHO|M/I Homes, Inc.|S&P 600
MIR|Mirion Technologies, Inc.|S&P 600
MKC|McCormick & Company|S&P 500
MKTX|MarketAxess|S&P 600
MLKN|MillerKnoll|S&P 600
MLM|Martin Marietta Materials|S&P 500
MMI|Marcus & Millichap|S&P 600
MMM|3M|DOW JONES;S&P 100;S&P 500
MMSI|Merit Medical Systems, Inc.|S&P 600
MNRO|Monro Muffler Brake|S&P 600
MNST|Monster Beverage|NASDAQ 100;S&P 500
MO|Altria|S&P 100;S&P 500
MODG|Topgolf Callaway Brands|S&P 600
MOG.A|Moog Inc.|S&P 600
MOH|Molina Healthcare|S&P 500
MOS|The Mosaic Company|S&P 500
MPC|Marathon Petroleum|S&P 500
MPT|Medical Properties Trust|S&P 600
MPWR|Monolithic Power Systems|NASDAQ 100;S&P 500
MRCY|Mercury Systems|S&P 600
MRK|Merck & Co.|DOW JONES;S&P 100;S&P 500
MRNA|Moderna|S&P 500
MRP|Millrose Properties, Inc.|S&P 600
MRSH|Marsh McLennan|S&P 500
MRTN|Marten Transport, Ltd.|S&P 600
MRVL|Marvell Technology|NASDAQ 100
MS|Morgan Stanley|S&P 100;S&P 500
MSCI|MSCI|S&P 500
MSEX|Middlesex Water Company|S&P 600
MSFT|Microsoft|DOW JONES;NASDAQ 100;S&P 100;S&P 500
MSGS|Madison Square Garden Sports|S&P 600
MSI|Motorola Solutions|S&P 500
MSTR|MicroStrategy|NASDAQ 100
MTB|M&T Bank|S&P 500
MTCH|Match Group|S&P 500
MTD|Mettler Toledo|S&P 500
MTH|Meritage Homes Corporation|S&P 600
MTRN|Materion|S&P 600
MTUS|Metallus Inc|S&P 600
MTX|Minerals Technologies|S&P 600
MU|Micron Technology|NASDAQ 100;S&P 500
MWA|Mueller Water Products|S&P 600
MXL|MaxLinear|S&P 600
MYGN|Myriad Genetics|S&P 600
MYRG|MYR Group, Inc.|S&P 600
NABL|N-able, Inc.|S&P 600
NATL|NCR Atleos|S&P 600
NAVI|Navient|S&P 600
NBHC|National Bank Holdings Corporation|S&P 600
NBTB|NBT Bank|S&P 600
NCLH|Norwegian Cruise Line Holdings|S&P 500
NDAQ|Nasdaq, Inc.|S&P 500
NDSN|Nordson Corporation|S&P 500
NE|Noble Corporation|S&P 600
NEE|NextEra Energy|S&P 100;S&P 500
NEM|Newmont|S&P 500
NEO|NeoGenomics|S&P 600
NEOG|Neogen|S&P 600
NFLX|Netflix, Inc.|NASDAQ 100;S&P 100;S&P 500
NGVT|Ingevity, Corp.|S&P 600
NHC|National Healthcare|S&P 600
NI|NiSource|S&P 500
NKE|Nike, Inc.|DOW JONES;S&P 100;S&P 500
NMIH|NMI Holdings, Inc.|S&P 600
NOC|Northrop Grumman|S&P 500
NOG|Northern Oil and Gas, Inc.|S&P 600
NOW|ServiceNow|S&P 100;S&P 500
NPK|National Presto Industries|S&P 600
NPO|EnPro Industries|S&P 600
NRG|NRG Energy|S&P 500
NSC|Norfolk Southern Railway|S&P 500
NSIT|Insight Enterprises|S&P 600
NSP|Insperity|S&P 600
NTAP|NetApp|S&P 500
NTCT|NetScout Systems|S&P 600
NTRS|Northern Trust|S&P 500
NUE|Nucor|S&P 500
NVDA|Nvidia|DOW JONES;NASDAQ 100;S&P 100;S&P 500
NVR|NVR, Inc.|S&P 500
NVRI|Harsco|S&P 600
NWBI|Northwest Bank|S&P 600
NWL|Newell Brands|S&P 600
NWN|NW Natural|S&P 600
NWS|News Corp|S&P 500
NWSA|News Corp|S&P 500
NX|Quanex Building Products Corporation|S&P 600
NXPI|NXP Semiconductors|NASDAQ 100;S&P 500
NXRT|NexPoint Residential Trust, Inc.|S&P 600
O|Realty Income|S&P 500
ODFL|Old Dominion Freight Line|NASDAQ 100;S&P 500
OFG|OFG Bancorp|S&P 600
OGN|Organon & Co.|S&P 600
OI|O-I Glass|S&P 600
OII|Oceaneering International|S&P 600
OKE|Oneok|S&P 500
OMC|Omnicom Group|S&P 500
OMCL|Omnicell|S&P 600
ON|Onsemi|S&P 500
OPLN|OPENLANE, Inc.|S&P 600
ORCL|Oracle Corporation|S&P 100;S&P 500
ORLY|O'Reilly Auto Parts|NASDAQ 100;S&P 500
OSIS|OSI Systems|S&P 600
OSW|OneSpaWorld Holdings Limited|S&P 600
OTIS|Otis Worldwide|S&P 500
OTTR|Otter Tail Corporation|S&P 600
OUT|Outfront Media|S&P 600
OXM|Oxford Industries|S&P 600
OXY|Occidental Petroleum|S&P 500
PAHC|Phibro Animal Health|S&P 600
PANW|Palo Alto Networks|NASDAQ 100;S&P 500
PARR|Par Pacific Holdings|S&P 600
PATK|Patrick Industries, Inc.|S&P 600
PAYC|Paycom|S&P 500
PAYO|Payoneer|S&P 600
PAYX|Paychex|NASDAQ 100;S&P 500
PBH|Prestige Consumer Healthcare|S&P 600
PBI|Pitney Bowes|S&P 600
PCAR|Paccar|NASDAQ 100;S&P 500
PCG|PG&E|S&P 500
PCRX|Pacira BioSciences, Inc.|S&P 600
PDD|Pinduoduo|NASDAQ 100
PDFS|PDF Solutions|S&P 600
PEB|Pebblebrook Hotel Trust|S&P 600
PECO|Phillips Edison & Company|S&P 600
PEG|Public Service Enterprise Group|S&P 500
PENG|Penguin Solutions, Inc.|S&P 600
PENN|Penn Entertainment|S&P 600
PEP|PepsiCo|NASDAQ 100;S&P 100;S&P 500
PFBC|Preferred Bank|S&P 600
PFE|Pfizer|S&P 100;S&P 500
PFG|Principal Financial Group|S&P 500
PFS|Provident Bank of New Jersey|S&P 600
PG|Procter & Gamble|DOW JONES;S&P 100;S&P 500
PGNY|Progyny|S&P 600
PGR|Progressive Corporation|S&P 500
PH|Parker Hannifin|S&P 500
PHIN|PHINIA, Inc.|S&P 600
PHM|PulteGroup|S&P 500
PI|Impinj|S&P 600
PIPR|Piper Sandler Companies|S&P 600
PJT|PJT Partners|S&P 600
PKG|Packaging Corporation of America|S&P 500
PLAB|Photronics Inc|S&P 600
PLAY|Dave & Buster's|S&P 600
PLD|Prologis|S&P 500
PLMR|Palomar Holdings, Inc.|S&P 600
PLTR|Palantir Technologies|NASDAQ 100;S&P 100;S&P 500
PLUS|EPlus|S&P 600
PLXS|Plexus Corp.|S&P 600
PM|Philip Morris International|S&P 100;S&P 500
PMT|PennyMac Mortgage Investment Trust|S&P 600
PNC|PNC Financial Services|S&P 500
PNR|Pentair|S&P 500
PNW|Pinnacle West Capital|S&P 500
PODD|Insulet Corporation|S&P 500
POOL|Pool Corporation|S&P 500
POWI|Power Integrations|S&P 600
POWL|Powell Industries|S&P 600
PPG|PPG Industries|S&P 500
PPL|PPL Corporation|S&P 500
PRA|ProAssurance|S&P 600
PRAA|PRA Group|S&P 600
PRDO|Career Education Corporation|S&P 600
PRG|PROG Holdings, Inc.|S&P 600
PRGO|Perrigo|S&P 600
PRGS|Progress Software|S&P 600
PRIM|Primoris Services Corporation|S&P 600
PRK|Park National Bank (Ohio)|S&P 600
PRKS|United Parks & Resorts|S&P 600
PRLB|Protolabs|S&P 600
PRSU|Viad|S&P 600
PRU|Prudential Financial|S&P 500
PRVA|Privia Health Group, Inc.|S&P 600
PSA|Public Storage|S&P 500
PSKY|Paramount Skydance|S&P 500
PSMT|PriceSmart|S&P 600
PSX|Phillips 66|S&P 500
PTC|PTC (software company)|S&P 500
PTCT|PTC Therapeutics|S&P 600
PTEN|Patterson-UTI|S&P 600
PTGX|Protagonist Therapeutics, Inc.|S&P 600
PWR|Quanta Services|S&P 500
PYPL|PayPal|NASDAQ 100;S&P 100;S&P 500
PZZA|Papa John's Pizza|S&P 600
Q|Qnity Electronics|S&P 500
QCOM|Qualcomm|NASDAQ 100;S&P 100;S&P 500
QDEL|QuidelOrtho|S&P 600
QNST|QuinStreet|S&P 600
QRVO|Qorvo|S&P 600
QTWO|Q2 Holdings, Inc.|S&P 600
RAL|Ralliant Corp|S&P 600
RAMP|LiveRamp|S&P 600
RCL|Royal Caribbean Group|S&P 500
RCUS|Arcus Biosciences, Inc.|S&P 600
RDN|Radian Group|S&P 600
RDNT|RadNet|S&P 600
REG|Regency Centers|S&P 500
REGN|Regeneron Pharmaceuticals|NASDAQ 100;S&P 500
RES|RPC, Inc.|S&P 600
REX|REX American Resources|S&P 600
REYN|Reynolds Consumer Products|S&P 600
REZI|Resideo Technologies, Inc.|S&P 600
RF|Regions Financial Corporation|S&P 500
RHI|Robert Half|S&P 600
RHP|Ryman Hospitality Properties|S&P 600
RJF|Raymond James Financial|S&P 500
RL|Ralph Lauren Corporation|S&P 500
RMD|ResMed|S&P 500
RNG|RingCentral|S&P 600
RNST|Renasant Bank|S&P 600
ROCK|Gibraltar Industries, Inc.|S&P 600
ROG|Rogers Corporation|S&P 600
ROK|Rockwell Automation|S&P 500
ROL|Rollins, Inc.|S&P 500
ROP|Roper Technologies|NASDAQ 100;S&P 500
ROST|Ross Stores|NASDAQ 100;S&P 500
RRR|Red Rock Resorts, Inc.|S&P 600
RSG|Republic Services|S&P 500
RTX|RTX Corporation|S&P 100;S&P 500
RUN|Sunrun|S&P 600
RUSHA|Rush Enterprises|S&P 600
RVTY|Revvity|S&P 500
RWT|Redwood Trust, Inc.|S&P 600
RXO|RXO, Inc.|S&P 600
SABR|Sabre Corporation|S&P 600
SAFE|Safehold, Inc.|S&P 600
SAFT|Safety Insurance Group, Inc.|S&P 600
SAH|Sonic Automotive|S&P 600
SANM|Sanmina Corporation|S&P 600
SBAC|SBA Communications|S&P 500
SBCF|Seacoast Banking Corporation of Florida|S&P 600
SBH|Sally Beauty Holdings|S&P 600
SBSI|Southside Bancshares, Inc.|S&P 600
SBUX|Starbucks|NASDAQ 100;S&P 100;S&P 500
SCHL|Scholastic Corporation|S&P 600
SCHW|Charles Schwab Corporation|S&P 100;S&P 500
SCL|Stepan Company|S&P 600
SCSC|ScanSource, Inc.|S&P 600
SDGR|Schrödinger, Inc.|S&P 600
SEDG|SolarEdge|S&P 600
SEE|Sealed Air|S&P 600
SEM|Select Medical|S&P 600
SEZL|Sezzle|S&P 600
SFBS|ServisFirst Bancshares, Inc.|S&P 600
SFNC|Simmons Bank|S&P 600
SHAK|Shake Shack|S&P 600
SHEN|Shentel|S&P 600
SHO|Sunstone Hotel Investors, Inc.|S&P 600
SHOO|Steve Madden|S&P 600
SHOP|Shopify|NASDAQ 100
SHW|Sherwin-Williams|DOW JONES;S&P 500
SIG|Signet Jewelers|S&P 600
SITM|SiTime|S&P 600
SJM|The J.M. Smucker Company|S&P 500
SKT|Tanger Factory Outlet Centers|S&P 600
SKY|Champion Homes|S&P 600
SKYW|SkyWest, Inc.|S&P 600
SLB|Schlumberger|S&P 500
SLG|SL Green Realty|S&P 600
SLVM|Sylvamo Corp.|S&P 600
SM|SM Energy|S&P 600
SMCI|Supermicro|S&P 500
SMP|Standard Motor Products|S&P 600
SMPL|Simply Good Foods Company|S&P 600
SMTC|Semtech|S&P 600
SNA|Snap-on|S&P 500
SNCY|Sun Country Airlines|S&P 600
SNDK|Sandisk|S&P 500
SNDR|Schneider National|S&P 600
SNEX|StoneX Group Inc.|S&P 600
SNPS|Synopsys|NASDAQ 100;S&P 500
SO|Southern Company|S&P 100;S&P 500
SOLS|Solstice Advanced Materials|S&P 600
SOLV|Solventum|S&P 500
SONO|Sonos|S&P 600
SPG|Simon Property Group|S&P 100;S&P 500
SPGI|S&P Global|S&P 500
SPNT|SiriusPoint Ltd.|S&P 600
SPSC|SPS Commerce|S&P 600
SRE|Sempra|S&P 500
SRPT|Sarepta Therapeutics|S&P 600
SSTK|Shutterstock|S&P 600
STAA|STAAR Surgical Company|S&P 600
STBA|S&T Bancorp, Inc.|S&P 600
STC|Stewart Information Services Corporation|S&P 600
STE|Steris|S&P 500
STEL|Stellar Bancorp, Inc.|S&P 600
STEP|StepStone Group|S&P 600
STLD|Steel Dynamics|S&P 500
STRA|Strategic Education, Inc.|S&P 600
STT|State Street Corporation|S&P 500
STX|Seagate Technology|NASDAQ 100;S&P 500
STZ|Constellation Brands|S&P 500
SUPN|Supernus Pharmaceuticals, Inc.|S&P 600
SW|Smurfit Westrock|S&P 500
SWK|Stanley Black & Decker|S&P 500
SWKS|Skyworks Solutions|S&P 500
SXC|SunCoke Energy, Inc.|S&P 600
SXI|Standex International|S&P 600
SXT|Sensient Technologies|S&P 600
SYF|Synchrony Financial|S&P 500
SYK|Stryker Corporation|S&P 500
SYY|Sysco|S&P 500
T|AT&T|S&P 100;S&P 500
TALO|Talos Energy|S&P 600
TAP|Molson Coors|S&P 500
TBBK|The Bancorp, Inc.|S&P 600
TDC|Teradata|S&P 600
TDG|TransDigm Group|S&P 500
TDS|Telephone and Data Systems|S&P 600
TDW|Tidewater, Inc.|S&P 600
TDY|Teledyne Technologies|S&P 500
TEAM|Atlassian|NASDAQ 100
TECH|Bio-Techne|S&P 500
TEL|TE Connectivity|S&P 500
TER|Teradyne|S&P 500
TFC|Truist Financial|S&P 500
TFIN|Triumph Bancorp, Inc.|S&P 600
TFX|Teleflex|S&P 600
TGNA|Tegna Inc.|S&P 600
TGT|Target Corporation|S&P 100;S&P 500
TGTX|TG Therapeutics, Inc.|S&P 600
THRM|Gentherm Incorporated|S&P 600
TILE|Interface, Inc.|S&P 600
TJX|TJX Companies|S&P 500
TKO|TKO Group Holdings|S&P 500
TMDX|TransMedics Group, Inc.|S&P 600
TMO|Thermo Fisher Scientific|S&P 100;S&P 500
TMP|Tompkins Financial Corporation|S&P 600
TMUS|T-Mobile US|NASDAQ 100;S&P 100;S&P 500
TNC|Tennant Company|S&P 600
TNDM|Tandem Diabetes Care|S&P 600
TPH|Tri Pointe Homes|S&P 600
TPL|Texas Pacific Land Corporation|S&P 500
TPR|Tapestry, Inc.|S&P 500
TR|Tootsie Roll Industries|S&P 600
TRGP|Targa Resources|S&P 500
TRI|Thomson Reuters|NASDAQ 100
TRIP|TripAdvisor|S&P 600
TRMB|Trimble Inc.|S&P 500
TRMK|Trustmark Bank|S&P 600
TRN|Trinity Industries|S&P 600
TRNO|Terreno Realty Corporation|S&P 600
TROW|T. Rowe Price|S&P 500
TRST|TrustCo Bank|S&P 600
TRUP|Trupanion|S&P 600
TRV|The Travelers Companies|DOW JONES;S&P 500
TSCO|Tractor Supply|S&P 500
TSLA|Tesla, Inc.|NASDAQ 100;S&P 100;S&P 500
TSN|Tyson Foods|S&P 500
TT|Trane Technologies|S&P 500
TTD|The Trade Desk|S&P 500
TTWO|Take-Two Interactive|NASDAQ 100;S&P 500
TWI|Titan Tire Corporation|S&P 600
TWO|Two Harbors Investment Corp.|S&P 600
TXN|Texas Instruments|NASDAQ 100;S&P 100;S&P 500
TXT|Textron|S&P 500
TYL|Tyler Technologies|S&P 500
UA|Under Armour|S&P 600
UAA|Under Armour|S&P 600
UAL|United Airlines Holdings|S&P 500
UBER|Uber|S&P 100;S&P 500
UCB|United Community Bank|S&P 600
UCTT|Ultra Clean Holdings, Inc.|S&P 600
UDR|UDR, Inc.|S&P 500
UE|Urban Edge Properties|S&P 600
UFCS|United Fire Group, Inc.|S&P 600
UFPT|UFP Technologies|S&P 600
UHS|Universal Health Services|S&P 500
UHT|Universal Health Realty Income Trust|S&P 600
ULTA|Ulta Beauty|S&P 500
UNF|UniFirst|S&P 600
UNFI|United Natural Foods|S&P 600
UNH|UnitedHealth Group|DOW JONES;S&P 100;S&P 500
UNIT|Uniti Group|S&P 600
UNP|Union Pacific Corporation|S&P 100;S&P 500
UPBD|Upbound Group, Inc.|S&P 600
UPS|United Parcel Service|S&P 100;S&P 500
UPWK|Upwork|S&P 600
URBN|Urban Outfitters|S&P 600
URI|United Rentals|S&P 500
USB|U.S. Bancorp|S&P 100;S&P 500
USPH|U.S. Physical Therapy, Inc.|S&P 600
UTL|Unitil Corporation|S&P 600
UVV|Universal Corporation|S&P 600
V|Visa Inc.|DOW JONES;S&P 100;S&P 500
VAC|Marriott Vacations Worldwide Corporation|S&P 600
VCEL|Vericel|S&P 600
VCTR|Victory Capital|S&P 600
VCYT|Veracyte, Inc.|S&P 600
VECO|Veeco|S&P 600
VIAV|Viavi Solutions|S&P 600
VICI|Vici Properties|S&P 500
VICR|Vicor Corporation|S&P 600
VIR|Vir Biotechnology, Inc.|S&P 600
VIRT|Virtu Financial|S&P 600
VITL|Vital Farms|S&P 600
VLO|Valero Energy|S&P 500
VLTO|Veralto|S&P 500
VMC|Vulcan Materials Company|S&P 500
VRE|Mack-Cali Realty Corporation|S&P 600
VRRM|Verra Mobility Corporation|S&P 600
VRSK|Verisk Analytics|NASDAQ 100;S&P 500
VRSN|Verisign|S&P 500
VRTS|Virtus Investment Partners|S&P 600
VRTX|Vertex Pharmaceuticals|NASDAQ 100;S&P 500
VSAT|Viasat (American company)|S&P 600
VSCO|Victoria's Secret|S&P 600
VSH|Vishay Intertechnology|S&P 600
VSNT|Versant Media Group, Inc.|S&P 600
VST|Vistra Corp|S&P 500
VSTS|Vestis|S&P 600
VTOL|Bristow Group Inc.|S&P 600
VTR|Ventas|S&P 500
VTRS|Viatris|S&P 500
VYX|NCR Voyix|S&P 600
VZ|Verizon|DOW JONES;S&P 100;S&P 500
WAB|Wabtec|S&P 500
WABC|Westamerica Bank|S&P 600
WAFD|WaFd Bank|S&P 600
WAT|Waters Corporation|S&P 500
WAY|Waystar Holding Corp|S&P 600
WBD|Warner Bros. Discovery|NASDAQ 100;S&P 500
WD|Walker & Dunlop|S&P 600
WDAY|Workday, Inc.|NASDAQ 100;S&P 500
WDC|Western Digital|NASDAQ 100;S&P 500
WDFC|WD-40 Company|S&P 600
WEC|WEC Energy Group|S&P 500
WELL|Welltower|S&P 500
WEN|The Wendy's Company|S&P 600
WERN|Werner Enterprises|S&P 600
WFC|Wells Fargo|S&P 100;S&P 500
WGO|Winnebago Industries|S&P 600
WHD|Cactus, Inc.|S&P 600
WINA|Winmark|S&P 600
WKC|World Kinect Corporation|S&P 600
WLY|Wiley (publisher)|S&P 600
WM|Waste Management, Inc.|S&P 500
WMB|Williams Companies|S&P 500
WMT|Walmart|DOW JONES;NASDAQ 100;S&P 100;S&P 500
WOR|Worthington Industries|S&P 600
WRB|W. R. Berkley Corporation|S&P 500
WRLD|World Acceptance Corporation|S&P 600
WS|Worthington Steel|S&P 600
WSC|WillScot Holdings Corp.|S&P 600
WSFS|WSFS Bank|S&P 600
WSM|Williams-Sonoma, Inc.|S&P 500
WSR|Whitestone REIT|S&P 600
WST|West Pharmaceutical Services|S&P 500
WT|WisdomTree Investments|S&P 600
WTW|Willis Towers Watson|S&P 500
WU|Western Union|S&P 600
WWW|Wolverine World Wide|S&P 600
WY|Weyerhaeuser|S&P 500
WYNN|Wynn Resorts|S&P 500
XEL|Xcel Energy|NASDAQ 100;S&P 500
XHR|Xenia Hotels & Resorts|S&P 600
XNCR|Xencor Inc|S&P 600
XOM|ExxonMobil|S&P 100;S&P 500
XPEL|XPEL, Inc.|S&P 600
XYL|Xylem Inc.|S&P 500
XYZ|Block, Inc.|S&P 500
YELP|Yelp|S&P 600
YOU|Clear Secure|S&P 600
YUM|Yum! Brands|S&P 500
ZBH|Zimmer Biomet|S&P 500
ZBRA|Zebra Technologies|S&P 500
ZD|Ziff Davis|S&P 600
ZS|Zscaler|NASDAQ 100
ZTS|Zoetis|S&P 500
ZWS|Zurn Elkay Water Solutions Corp.|S&P 600
